primer_name,clust_gen,type,full_seq,primer_len,index_n,index_seq_fwd,index_seq_rev_comp,index_seq_fwd2_Rev_comp,index_seq_rev2_rev_comp,hybridizing_seq,purpose,comment,kenny_comment,,Comment_Nidhi
KAM3748,CG1,i5,AATGATACGGCGACCACCGAGATCTACACCGTGGACGGCGCCTGGAGCAATTCCACAACAC,61,10,CGTGGACGGC,GCCGTCCACG,GCCGTCCACG,CGTGGACGGC,GCCTGGAGCAATTCCACAACAC,ACE2_kozak,Amplifying from cells,,,
KAM3749,CG1,i5,AATGATACGGCGACCACCGAGATCTACACTTGCTACACCGCCTGGAGCAATTCCACAACAC,61,10,TTGCTACACC,GGTGTAGCAA,GGTGTAGCAA,TTGCTACACC,GCCTGGAGCAATTCCACAACAC,ACE2_kozak,Amplifying from cells,,,
KAM3750,CG1,i5,AATGATACGGCGACCACCGAGATCTACACATTCACGGCTGCCTGGAGCAATTCCACAACAC,61,10,ATTCACGGCT,AGCCGTGAAT,AGCCGTGAAT,ATTCACGGCT,GCCTGGAGCAATTCCACAACAC,ACE2_kozak,Amplifying from cells,,,
KAM3751,CG1,i5,AATGATACGGCGACCACCGAGATCTACACTGATCTAGACggtcgacgatgtaggtcacgg,60,10,TGATCTAGAC,GTCTAGATCA,GTCTAGATCA,TGATCTAGAC,ggtcgacgatgtaggtcacgg,ACE2_kozak,Amplifying from plasmid,,,
KAM3752,CG1,i5,AATGATACGGCGACCACCGAGATCTACACCATAACTTACggtcgacgatgtaggtcacgg,60,10,CATAACTTAC,GTAAGTTATG,GTAAGTTATG,CATAACTTAC,ggtcgacgatgtaggtcacgg,ACE2_kozak,Amplifying from plasmid,,,
KAM3800,CG1,i5,AATGATACGGCGACCACCGAGATCTACACAATATACCTAGCCTGGAGCAATTCCACAACAC,61,10,AATATACCTA,TAGGTATATT,TAGGTATATT,AATATACCTA,GCCTGGAGCAATTCCACAACAC,ACE2_kozak,Amplifying from cells,,,
KAM3801,CG1,i5,AATGATACGGCGACCACCGAGATCTACACTTCGTATCGTGCCTGGAGCAATTCCACAACAC,61,10,TTCGTATCGT,ACGATACGAA,ACGATACGAA,TTCGTATCGT,GCCTGGAGCAATTCCACAACAC,ACE2_kozak,Amplifying from cells,,,
KAM3802,CG1,i5,AATGATACGGCGACCACCGAGATCTACACCATGCTAGCCGCCTGGAGCAATTCCACAACAC,61,10,CATGCTAGCC,GGCTAGCATG,GGCTAGCATG,CATGCTAGCC,GCCTGGAGCAATTCCACAACAC,ACE2_kozak,Amplifying from cells,,,
KAM4041,CG1,i5,AATGATACGGCGACCACCGAGATCTACACACGCCGGATAGCCTGGAGCAATTCCACAACAC,61,10,ACGCCGGATA,TGCGGCCTAT,TGCGGCCTAT,ACGCCGGATA,GCCTGGAGCAATTCCACAACAC,ACE2_kozak,Amplifying from cells,,,
KAM4042,CG1,i5,AATGATACGGCGACCACCGAGATCTACACACCTACCGTAGCCTGGAGCAATTCCACAACAC,61,10,ACCTACCGTA,TGGATGGCAT,TGGATGGCAT,ACCTACCGTA,GCCTGGAGCAATTCCACAACAC,ACE2_kozak,Amplifying from cells,,,
KAM4043,CG1,i5,AATGATACGGCGACCACCGAGATCTACACTAATCTCGCAGCCTGGAGCAATTCCACAACAC,61,10,TAATCTCGCA,TGCGAGATTA,TGCGAGATTA,TAATCTCGCA,GCCTGGAGCAATTCCACAACAC,ACE2_kozak,Amplifying from cells,,,
KAM4044,CG1,i5,AATGATACGGCGACCACCGAGATCTACACCGTCGAGAACGCCTGGAGCAATTCCACAACAC,61,10,CGTCGAGAAC,GTTCTCGACG,GTTCTCGACG,CGTCGAGAAC,GCCTGGAGCAATTCCACAACAC,ACE2_kozak,Amplifying from cells,,,
KAM3732,CG2,i7,CAAGCAGAAGACGGCATACGAGATTCGATCCATAcggcttcgtggttaaacttgtc,56,10,TCGATCCATA,TATGGATCGA,TATGGATCGA,TCGATCCATA,cggcttcgtggttaaacttgtc,ACE2_kozak,Amplifying from cells or plasmid,,,
KAM3733,CG2,i7,CAAGCAGAAGACGGCATACGAGATCGGACTGTGTcggcttcgtggttaaacttgtc,56,10,CGGACTGTGT,ACACAGTCCG,ACACAGTCCG,CGGACTGTGT,cggcttcgtggttaaacttgtc,ACE2_kozak,Amplifying from cells or plasmid,,,
KAM3734,CG2,i7,CAAGCAGAAGACGGCATACGAGATTGCTTAGTCGcggcttcgtggttaaacttgtc,56,10,TGCTTAGTCG,CGACTAAGCA,CGACTAAGCA,TGCTTAGTCG,cggcttcgtggttaaacttgtc,ACE2_kozak,Amplifying from cells or plasmid,,,
KAM3735,CG2,i7,CAAGCAGAAGACGGCATACGAGATAGCTCTCGCGcggcttcgtggttaaacttgtc,56,10,AGCTCTCGCG,CGCGAGAGCT,CGCGAGAGCT,AGCTCTCGCG,cggcttcgtggttaaacttgtc,ACE2_kozak,Amplifying from cells or plasmid,,,
KAM3736,CG2,i7,CAAGCAGAAGACGGCATACGAGATTGCCAGACGAcggcttcgtggttaaacttgtc,56,10,TGCCAGACGA,TCGTCTGGCA,TCGTCTGGCA,TGCCAGACGA,cggcttcgtggttaaacttgtc,ACE2_kozak,Amplifying from cells or plasmid,,,
KAM3737,CG2,i7,CAAGCAGAAGACGGCATACGAGATCAATGAAGCTcggcttcgtggttaaacttgtc,56,10,CAATGAAGCT,AGCTTCATTG,AGCTTCATTG,CAATGAAGCT,cggcttcgtggttaaacttgtc,ACE2_kozak,Amplifying from cells or plasmid,,,
KAM3738,CG2,i7,CAAGCAGAAGACGGCATACGAGATAGTCCAGAGAcggcttcgtggttaaacttgtc,56,10,AGTCCAGAGA,TCTCTGGACT,TCTCTGGACT,AGTCCAGAGA,cggcttcgtggttaaacttgtc,ACE2_kozak,Amplifying from cells or plasmid,,,
KAM3739,CG2,i7,CAAGCAGAAGACGGCATACGAGATACCAGGCTTAcggcttcgtggttaaacttgtc,56,10,ACCAGGCTTA,TAAGCCTGGT,TAAGCCTGGT,ACCAGGCTTA,cggcttcgtggttaaacttgtc,ACE2_kozak,Amplifying from cells or plasmid,,,
KAM3740,CG2,i7,CAAGCAGAAGACGGCATACGAGATCGTAGCAAGCcggcttcgtggttaaacttgtc,56,10,CGTAGCAAGC,GCTTGCTACG,GCTTGCTACG,CGTAGCAAGC,cggcttcgtggttaaacttgtc,ACE2_kozak,Amplifying from cells or plasmid,,,
KAM3741,CG2,i7,CAAGCAGAAGACGGCATACGAGATTACAGACGAAcggcttcgtggttaaacttgtc,56,10,TACAGACGAA,TTCGTCTGTA,TTCGTCTGTA,TACAGACGAA,cggcttcgtggttaaacttgtc,ACE2_kozak,Amplifying from cells or plasmid,,,
KAM3742,CG2,i7,CAAGCAGAAGACGGCATACGAGATACTAGTTGGAcggcttcgtggttaaacttgtc,56,10,ACTAGTTGGA,TCCAACTAGT,TCCAACTAGT,ACTAGTTGGA,cggcttcgtggttaaacttgtc,ACE2_kozak,Amplifying from cells or plasmid,,,
KAM3743,CG2,i7,CAAGCAGAAGACGGCATACGAGATCATACTAACAcggcttcgtggttaaacttgtc,56,10,CATACTAACA,TGTTAGTATG,TGTTAGTATG,CATACTAACA,cggcttcgtggttaaacttgtc,ACE2_kozak,Amplifying from cells or plasmid,,,
KAM4354,CG1,i5,CCTGTTCGTGTGGTATCGGTCTTCACTGGAgatgtaggtcacggcattcc,50,10,CTTCACTGGA,TCCAGTGAAG,gatgtaggtcacggcattcc,attB_plasmid_dual_BCing,gatgtaggtcacggcattcc,Adding dual BC to plasmid,,,,
KAM4355,CG1,i5,CCTGTTCGTGTGGTATCGGTATCCTGTTGAgatgtaggtcacggcattcc,50,10,ATCCTGTTGA,TCAACAGGAT,gatgtaggtcacggcattcc,attB_plasmid_dual_BCing,gatgtaggtcacggcattcc,Adding dual BC to plasmid,,,,
KAM4356,CG1,i5,CCTGTTCGTGTGGTATCGGTCCTAGGTGTGgatgtaggtcacggcattcc,50,10,CCTAGGTGTG,CACACCTAGG,gatgtaggtcacggcattcc,attB_plasmid_dual_BCing,gatgtaggtcacggcattcc,Adding dual BC to plasmid,,,,
KAM4357,CG1,i5,CCTGTTCGTGTGGTATCGGTAGAGGTAGACgatgtaggtcacggcattcc,50,10,AGAGGTAGAC,GTCTACCTCT,gatgtaggtcacggcattcc,attB_plasmid_dual_BCing,gatgtaggtcacggcattcc,Adding dual BC to plasmid,,,,
KAM4411,CG1,i5,CCTGTTCGTGTGGTATCGGTATTAGACGCGgatgtaggtcacggcattcc,50,10,ATTAGACGCG,CGCGTCTAAT,gatgtaggtcacggcattcc,attB_plasmid_dual_BCing,gatgtaggtcacggcattcc,Adding dual BC to plasmid,,,,
KAM4412,CG1,i5,CCTGTTCGTGTGGTATCGGTAGAATCGTTCgatgtaggtcacggcattcc,50,10,AGAATCGTTC,GAACGATTCT,gatgtaggtcacggcattcc,attB_plasmid_dual_BCing,gatgtaggtcacggcattcc,Adding dual BC to plasmid,,,,
KAM4413,CG1,i5,CCTGTTCGTGTGGTATCGGTCTAAGAATACgatgtaggtcacggcattcc,50,10,CTAAGAATAC,GTATTCTTAG,gatgtaggtcacggcattcc,attB_plasmid_dual_BCing,gatgtaggtcacggcattcc,Adding dual BC to plasmid,,,,
KAM4414,CG1,i5,CCTGTTCGTGTGGTATCGGTCGTCATAGTCgatgtaggtcacggcattcc,50,10,CGTCATAGTC,GACTATGACG,gatgtaggtcacggcattcc,attB_plasmid_dual_BCing,gatgtaggtcacggcattcc,Adding dual BC to plasmid,,,,
KAM4415,CG1,i5,CCTGTTCGTGTGGTATCGGTCTCTTGGCGCgatgtaggtcacggcattcc,50,10,CTCTTGGCGC,GCGCCAAGAG,gatgtaggtcacggcattcc,attB_plasmid_dual_BCing,gatgtaggtcacggcattcc,Adding dual BC to plasmid,,,,
KAM4416,CG1,i5,CCTGTTCGTGTGGTATCGGTTAACCGGCTAgatgtaggtcacggcattcc,50,10,TAACCGGCTA,TAGCCGGTTA,gatgtaggtcacggcattcc,attB_plasmid_dual_BCing,gatgtaggtcacggcattcc,Adding dual BC to plasmid,,,,
KAM4417,CG1,i5,CCTGTTCGTGTGGTATCGGTCCTCAGCAGCgatgtaggtcacggcattcc,50,10,CCTCAGCAGC,GCTGCTGAGG,gatgtaggtcacggcattcc,attB_plasmid_dual_BCing,gatgtaggtcacggcattcc,Adding dual BC to plasmid,,,,
KAM4418,CG1,i5,CCTGTTCGTGTGGTATCGGTATGCGCTAGGgatgtaggtcacggcattcc,50,10,ATGCGCTAGG,CCTAGCGCAT,gatgtaggtcacggcattcc,attB_plasmid_dual_BCing,gatgtaggtcacggcattcc,Adding dual BC to plasmid,,,,
KAM4419,CG1,i5,CCTGTTCGTGTGGTATCGGTTCCAGCACTCgatgtaggtcacggcattcc,50,10,TCCAGCACTC,GAGTGCTGGA,gatgtaggtcacggcattcc,attB_plasmid_dual_BCing,gatgtaggtcacggcattcc,Adding dual BC to plasmid,,,,
KAM4420,CG1,i5,CCTGTTCGTGTGGTATCGGTTGCGTAATCCgatgtaggtcacggcattcc,50,10,TGCGTAATCC,GGATTACGCA,gatgtaggtcacggcattcc,attB_plasmid_dual_BCing,gatgtaggtcacggcattcc,Adding dual BC to plasmid,,,,
KAM4421,CG1,i5,CCTGTTCGTGTGGTATCGGTACAATCCGTTgatgtaggtcacggcattcc,50,10,ACAATCCGTT,AACGGATTGT,gatgtaggtcacggcattcc,attB_plasmid_dual_BCing,gatgtaggtcacggcattcc,Adding dual BC to plasmid,,,,
KAM4422,CG1,i5,CCTGTTCGTGTGGTATCGGTCTTAGTGCGCgatgtaggtcacggcattcc,50,10,CTTAGTGCGC,GCGCACTAAG,gatgtaggtcacggcattcc,attB_plasmid_dual_BCing,gatgtaggtcacggcattcc,Adding dual BC to plasmid,,,,
KAM4358,CG2,i7,ACCGATACCACACGAACAGGCATGTCTTCAaacgtcgtgactgggaaaac,50,10,CATGTCTTCA,TGAAGACATG,aacgtcgtgactgggaaaac,attB_plasmid_dual_BCing,aacgtcgtgactgggaaaac,Adding dual BC to plasmid,,,,
KAM4359,CG2,i7,ACCGATACCACACGAACAGGCTATCAGCTAaacgtcgtgactgggaaaac,50,10,CTATCAGCTA,TAGCTGATAG,aacgtcgtgactgggaaaac,attB_plasmid_dual_BCing,aacgtcgtgactgggaaaac,Adding dual BC to plasmid,,,,
KAM4360,CG2,i7,ACCGATACCACACGAACAGGAGCTATGTATaacgtcgtgactgggaaaac,50,10,AGCTATGTAT,ATACATAGCT,aacgtcgtgactgggaaaac,attB_plasmid_dual_BCing,aacgtcgtgactgggaaaac,Adding dual BC to plasmid,,,,
KAM4361,CG2,i7,ACCGATACCACACGAACAGGTTGGACTAAGaacgtcgtgactgggaaaac,50,10,TTGGACTAAG,CTTAGTCCAA,aacgtcgtgactgggaaaac,attB_plasmid_dual_BCing,aacgtcgtgactgggaaaac,Adding dual BC to plasmid,,,,
KAM4423,CG2,i7,ACCGATACCACACGAACAGGTGCGGACAGAaacgtcgtgactgggaaaac,50,10,TGCGGACAGA,TCTGTCCGCA,aacgtcgtgactgggaaaac,attB_plasmid_dual_BCing,aacgtcgtgactgggaaaac,Adding dual BC to plasmid,,,,
KAM4424,CG2,i7,ACCGATACCACACGAACAGGCGATACTGCTaacgtcgtgactgggaaaac,50,10,CGATACTGCT,AGCAGTATCG,aacgtcgtgactgggaaaac,attB_plasmid_dual_BCing,aacgtcgtgactgggaaaac,Adding dual BC to plasmid,,,,
KAM4425,CG2,i7,ACCGATACCACACGAACAGGCATGTTGTGTaacgtcgtgactgggaaaac,50,10,CATGTTGTGT,ACACAACATG,aacgtcgtgactgggaaaac,attB_plasmid_dual_BCing,aacgtcgtgactgggaaaac,Adding dual BC to plasmid,,,,
KAM4426,CG2,i7,ACCGATACCACACGAACAGGCTTACAAGATaacgtcgtgactgggaaaac,50,10,CTTACAAGAT,ATCTTGTAAG,aacgtcgtgactgggaaaac,attB_plasmid_dual_BCing,aacgtcgtgactgggaaaac,Adding dual BC to plasmid,,,,
KAM4427,CG2,i7,ACCGATACCACACGAACAGGCGTGTCTCGAaacgtcgtgactgggaaaac,50,10,CGTGTCTCGA,TCGAGACACG,aacgtcgtgactgggaaaac,attB_plasmid_dual_BCing,aacgtcgtgactgggaaaac,Adding dual BC to plasmid,,,,
KAM4428,CG2,i7,ACCGATACCACACGAACAGGTGGAATTACGaacgtcgtgactgggaaaac,50,10,TGGAATTACG,CGTAATTCCA,aacgtcgtgactgggaaaac,attB_plasmid_dual_BCing,aacgtcgtgactgggaaaac,Adding dual BC to plasmid,,,,
KAM4429,CG2,i7,ACCGATACCACACGAACAGGATATATCTCCaacgtcgtgactgggaaaac,50,10,ATATATCTCC,GGAGATATAT,aacgtcgtgactgggaaaac,attB_plasmid_dual_BCing,aacgtcgtgactgggaaaac,Adding dual BC to plasmid,,,,
KAM4430,CG2,i7,ACCGATACCACACGAACAGGCGAATGACAGaacgtcgtgactgggaaaac,50,10,CGAATGACAG,CTGTCATTCG,aacgtcgtgactgggaaaac,attB_plasmid_dual_BCing,aacgtcgtgactgggaaaac,Adding dual BC to plasmid,,,,
KAM4431,CG2,i7,ACCGATACCACACGAACAGGAAGGAGGCTGaacgtcgtgactgggaaaac,50,10,AAGGAGGCTG,CAGCCTCCTT,aacgtcgtgactgggaaaac,attB_plasmid_dual_BCing,aacgtcgtgactgggaaaac,Adding dual BC to plasmid,,,,
KAM4432,CG2,i7,ACCGATACCACACGAACAGGTCCTGCGTAGaacgtcgtgactgggaaaac,50,10,TCCTGCGTAG,CTACGCAGGA,aacgtcgtgactgggaaaac,attB_plasmid_dual_BCing,aacgtcgtgactgggaaaac,Adding dual BC to plasmid,,,,
KAM4433,CG2,i7,ACCGATACCACACGAACAGGCTTAACGAAGaacgtcgtgactgggaaaac,50,10,CTTAACGAAG,CTTCGTTAAG,aacgtcgtgactgggaaaac,attB_plasmid_dual_BCing,aacgtcgtgactgggaaaac,Adding dual BC to plasmid,,,,
KAM4434,CG2,i7,ACCGATACCACACGAACAGGACCGAGGCACaacgtcgtgactgggaaaac,50,10,ACCGAGGCAC,GTGCCTCGGT,aacgtcgtgactgggaaaac,attB_plasmid_dual_BCing,aacgtcgtgactgggaaaac,Adding dual BC to plasmid,,,,
KAM4362,CG1,i5,AATGATACGGCGACCACCGAGATCTACACCCTCGCAATTatgtgctgcaaggcgattaa,59,10,CCTCGCAATT,AATTGCGAGG,CCTCGCAATT,AATTGCGAGG,atgtgctgcaaggcgattaa,attB_plasmid_dual_BC_indexing,,,,
KAM4363,CG1,i5,AATGATACGGCGACCACCGAGATCTACACCCGGACTGGCatgtgctgcaaggcgattaa,59,10,CCGGACTGGC,GCCAGTCCGG,CCGGACTGGC,GCCAGTCCGG,atgtgctgcaaggcgattaa,attB_plasmid_dual_BC_indexing,,,,
NS00033,CG1,i5,AATGATACGGCGACCACCGAGATCTACACTTCTCGTAGTatgtgctgcaaggcgattaa,59,10,TTCTCGTAGT,ACTACGAGAA,ACTACGAGAA,,atgtgctgcaaggcgattaa,attB_plasmid_dual_BC_indexing,,,,
NS00034,CG1,i5,AATGATACGGCGACCACCGAGATCTACACACATGGACCTatgtgctgcaaggcgattaa,59,10,ACATGGACCT,AGGTCCATGT,AGGTCCATGT,,atgtgctgcaaggcgattaa,attB_plasmid_dual_BC_indexing,,,,
NS00035,CG1,i5,AATGATACGGCGACCACCGAGATCTACACACGTTCCTGGatgtgctgcaaggcgattaa,59,10,ACGTTCCTGG,CCAGGAACGT,CCAGGAACGT,,atgtgctgcaaggcgattaa,attB_plasmid_dual_BC_indexing,,,,
NS00036,CG1,i5,AATGATACGGCGACCACCGAGATCTACACCGACCAATACatgtgctgcaaggcgattaa,59,10,CGACCAATAC,GTATTGGTCG,GTATTGGTCG,,atgtgctgcaaggcgattaa,attB_plasmid_dual_BC_indexing,,,,
NS00037,CG1,i5,AATGATACGGCGACCACCGAGATCTACACCTCTCCTTGCatgtgctgcaaggcgattaa,59,10,CTCTCCTTGC,GCAAGGAGAG,GCAAGGAGAG,,atgtgctgcaaggcgattaa,attB_plasmid_dual_BC_indexing,,,,
NS00038,CG1,i5,AATGATACGGCGACCACCGAGATCTACACATAATAATAAatgtgctgcaaggcgattaa,59,10,ATAATAATAA,TTATTATTAT,TTATTATTAT,,atgtgctgcaaggcgattaa,attB_plasmid_dual_BC_indexing,,,,
NS00039,CG1,i5,AATGATACGGCGACCACCGAGATCTACACCTACTATACAatgtgctgcaaggcgattaa,59,10,CTACTATACA,TGTATAGTAG,TGTATAGTAG,,atgtgctgcaaggcgattaa,attB_plasmid_dual_BC_indexing,,,,
NS00040,CG1,i5,AATGATACGGCGACCACCGAGATCTACACTTATCCATCAatgtgctgcaaggcgattaa,59,10,TTATCCATCA,TGATGGATAA,TGATGGATAA,,atgtgctgcaaggcgattaa,attB_plasmid_dual_BC_indexing,,,,
NS00041,CG1,i5,AATGATACGGCGACCACCGAGATCTACACAATAGCGCGGatgtgctgcaaggcgattaa,59,10,AATAGCGCGG,CCGCGCTATT,CCGCGCTATT,,atgtgctgcaaggcgattaa,attB_plasmid_dual_BC_indexing,,,,
NS00042,CG1,i5,AATGATACGGCGACCACCGAGATCTACACCGCGCCATGGatgtgctgcaaggcgattaa,59,10,CGCGCCATGG,CCATGGCGCG,CCATGGCGCG,,atgtgctgcaaggcgattaa,attB_plasmid_dual_BC_indexing,,,,
KAM4364,CG2,i7,CAAGCAGAAGACGGCATACGAGATAGATTGCGAGGGCCTCCTCTTTCTGTCGAA,54,10,AGATTGCGAG,CTCGCAATCT,AGATTGCGAG,CTCGCAATCT,GGCCTCCTCTTTCTGTCGAA,attB_plasmid_dual_BC_indexing,,,,
KAM4365,CG2,i7,CAAGCAGAAGACGGCATACGAGATTGAGTCTCACGGCCTCCTCTTTCTGTCGAA,54,10,TGAGTCTCAC,GTGAGACTCA,TGAGTCTCAC,GTGAGACTCA,GGCCTCCTCTTTCTGTCGAA,attB_plasmid_dual_BC_indexing,,,,
NS00043,CG2,i7,CAAGCAGAAGACGGCATACGAGATCTTGGTTACAGGCCTCCTCTTTCTGTCGAA,54,10,CTTGGTTACA,TGTAACCAAG,,TGTAACCAAG,GGCCTCCTCTTTCTGTCGAA,attB_plasmid_dual_BC_indexing,,,,
NS00044,CG2,i7,CAAGCAGAAGACGGCATACGAGATTATGTCGATTGGCCTCCTCTTTCTGTCGAA,54,10,TATGTCGATT,AATCGACATA,,AATCGACATA,GGCCTCCTCTTTCTGTCGAA,attB_plasmid_dual_BC_indexing,,,,
NS00045,CG2,i7,CAAGCAGAAGACGGCATACGAGATACTGTAGGATGGCCTCCTCTTTCTGTCGAA,54,10,ACTGTAGGAT,ATCCTACAGT,,ATCCTACAGT,GGCCTCCTCTTTCTGTCGAA,attB_plasmid_dual_BC_indexing,,,,
NS00046,CG2,i7,CAAGCAGAAGACGGCATACGAGATAAGCGGTTGTGGCCTCCTCTTTCTGTCGAA,54,10,AAGCGGTTGT,ACAACCGCTT,,ACAACCGCTT,GGCCTCCTCTTTCTGTCGAA,attB_plasmid_dual_BC_indexing,,,,
NS00047,CG2,i7,CAAGCAGAAGACGGCATACGAGATTTGAGACCTAGGCCTCCTCTTTCTGTCGAA,54,10,TTGAGACCTA,TAGGTCTCAA,,TAGGTCTCAA,GGCCTCCTCTTTCTGTCGAA,attB_plasmid_dual_BC_indexing,,,,
NS00048,CG2,i7,CAAGCAGAAGACGGCATACGAGATTTCACAGCTGGGCCTCCTCTTTCTGTCGAA,54,10,TTCACAGCTG,CAGCTGTGAA,,CAGCTGTGAA,GGCCTCCTCTTTCTGTCGAA,attB_plasmid_dual_BC_indexing,,,,
NS00049,CG2,i7,CAAGCAGAAGACGGCATACGAGATAGTGCTTCCAGGCCTCCTCTTTCTGTCGAA,54,10,AGTGCTTCCA,TGGAAGCACT,,TGGAAGCACT,GGCCTCCTCTTTCTGTCGAA,attB_plasmid_dual_BC_indexing,,,,
NS00050,CG2,i7,CAAGCAGAAGACGGCATACGAGATCGCAACCTCTGGCCTCCTCTTTCTGTCGAA,54,10,CGCAACCTCT,AGAGGTTGCG,,AGAGGTTGCG,GGCCTCCTCTTTCTGTCGAA,attB_plasmid_dual_BC_indexing,,,,
NS00051,CG2,i7,CAAGCAGAAGACGGCATACGAGATCTGGCGGATTGGCCTCCTCTTTCTGTCGAA,54,10,CTGGCGGATT,AATCCGCCAG,,AATCCGCCAG,GGCCTCCTCTTTCTGTCGAA,attB_plasmid_dual_BC_indexing,,,,
NS00052,CG2,i7,CAAGCAGAAGACGGCATACGAGATTTAAGTAGTGGGCCTCCTCTTTCTGTCGAA,54,10,TTAAGTAGTG,CACTACTTAA,,CACTACTTAA,GGCCTCCTCTTTCTGTCGAA,attB_plasmid_dual_BC_indexing,,,,
NK052,CG1,i5,AATGATACGGCGACCACCGAGATCTACACTCGCCGCTCGGCCTGGAGCAATTCCACAACAC,61,10,TCGCCGCTCG,CGAGCGGCGA,,,GCCTGGAGCAATTCCACAACAC,cEF-hand_DMS forward,,,,
NK053,CG1,i5,AATGATACGGCGACCACCGAGATCTACACCCGGTGCAGTGCCTGGAGCAATTCCACAACAC,61,10,CCGGTGCAGT,ACTGCACCGG,,,GCCTGGAGCAATTCCACAACAC,cEF-hand_DMS forward,,,,
NK054,CG1,i5,AATGATACGGCGACCACCGAGATCTACACACCGGTGTCTGCCTGGAGCAATTCCACAACAC,61,10,ACCGGTGTCT,AGACACCGGT,,,GCCTGGAGCAATTCCACAACAC,cEF-hand_DMS forward,,,,
NK055,CG1,i5,AATGATACGGCGACCACCGAGATCTACACCCGAACTCCGGCCTGGAGCAATTCCACAACAC,61,10,CCGAACTCCG,CGGAGTTCGG,,,GCCTGGAGCAATTCCACAACAC,cEF-hand_DMS forward,,,,
NK056,CG2,i7,CAAGCAGAAGACGGCATACGAGATCGAGCGGCGAttctgatgacttccatgcctt,55,10,CGAGCGGCGA,TCGCCGCTCG,,,ttctgatgacttccatgcctt,cEF-hand_DMS reverse,,,,
NK057,CG2,i7,CAAGCAGAAGACGGCATACGAGATACTGCACCGGttctgatgacttccatgcctt,55,10,ACTGCACCGG,CCGGTGCAGT,,,ttctgatgacttccatgcctt,cEF-hand_DMS reverse,,,,
NK058,CG2,i7,CAAGCAGAAGACGGCATACGAGATAGACACCGGTttctgatgacttccatgcctt,55,10,AGACACCGGT,ACCGGTGTCT,,,ttctgatgacttccatgcctt,cEF-hand_DMS reverse,,,,
NK059,CG2,i7,CAAGCAGAAGACGGCATACGAGATCGGAGTTCGGttctgatgacttccatgcctt,55,10,CGGAGTTCGG,CCGAACTCCG,,,ttctgatgacttccatgcctt,cEF-hand_DMS reverse,,,,
NK060,CG1,i5,AATGATACGGCGACCACCGAGATCTACACCAGACGTCAGgcgacaggaaccagctcgggg,60,10,CAGACGTCAG,CTGACGTCTG,,,gcgacaggaaccagctcgggg,EFhand_plasmid_library,,,,
NK061,CG1,i5,AATGATACGGCGACCACCGAGATCTACACCTGGCACTGGgcgacaggaaccagctcgggg,60,10,CTGGCACTGG,CCAGTGCCAG,,,gcgacaggaaccagctcgggg,EFhand_plasmid_library,,,,
NS0017,CG1,i5,AATGATACGGCGACCACCGAGATCTACACCACTTACTAGGCCTGGAGCAATTCCACAACAC,61,10,CACTTACTAG,CTAGTAAGTG,CTAGTAAGTG,CACTTACTAG,GCCTGGAGCAATTCCACAACAC,FP_Hyg_KZ_illumina seq_genomic_DNA,Amplifying from cells,NS0013-0016 indexes are reverse complements of NS0017-0020,,
NS0018,CG1,i5,AATGATACGGCGACCACCGAGATCTACACCTGTCATGGTGCCTGGAGCAATTCCACAACAC,61,10,CTGTCATGGT,ACCATGACAG,ACCATGACAG,CTGTCATGGT,GCCTGGAGCAATTCCACAACAC,FP_Hyg_KZ_illumina seq_genomic_DNA,Amplifying from cells,NS0013-0016 indexes are reverse complements of NS0017-0020,,
NS0019,CG1,i5,AATGATACGGCGACCACCGAGATCTACACAACTTAATACGCCTGGAGCAATTCCACAACAC,61,10,AACTTAATAC,GTATTAAGTT,GTATTAAGTT,AACTTAATAC,GCCTGGAGCAATTCCACAACAC,FP_Hyg_KZ_illumina seq_genomic_DNA,Amplifying from cells,NS0013-0016 indexes are reverse complements of NS0017-0020,,
NS0020,CG1,i5,AATGATACGGCGACCACCGAGATCTACACCCTGTAGTGCGCCTGGAGCAATTCCACAACAC,61,10,CCTGTAGTGC,GCACTACAGG,GCACTACAGG,CCTGTAGTGC,GCCTGGAGCAATTCCACAACAC,FP_Hyg_KZ_illumina seq_genomic_DNA,Amplifying from cells,NS0013-0016 indexes are reverse complements of NS0017-0020,,
NK084,CG2,i7,CAAGCAGAAGACGGCATACGAGATCTGTGCCTATCCAGTTTGCCGTTGCTCGCG,54,10,CTGTGCCTAT,ATAGGCACAG,,,CCAGTTTGCCGTTGCTCGCG,fuGFP DMS reverse,,,,
NK085,CG2,i7,CAAGCAGAAGACGGCATACGAGATTCGGTTACAGCCAGTTTGCCGTTGCTCGCG,54,10,TCGGTTACAG,CTGTAACCGA,,,CCAGTTTGCCGTTGCTCGCG,fuGFP DMS reverse,,,,
NS0013,CG2,i7,CAAGCAGAAGACGGCATACGAGATTCGATCCATACTAGTAAGTGcgtagcctaaggtggtcacga,65,10,CTAGTAAGTG,CACTTACTAG,CACTTACTAG,CTAGTAAGTG,cgtagcctaaggtggtcacga,Hyg_Kozak,Amplifying from cells,NS0013-0016 indexes are reverse complements of NS0017-0020,,
NS0014,CG2,i7,CAAGCAGAAGACGGCATACGAGATTCGATCCATAACCATGACAGcgtagcctaaggtggtcacga,65,10,ACCATGACAG,CTGTCATGGT,CTGTCATGGT,ACCATGACAG,cgtagcctaaggtggtcacga,Hyg_Kozak,Amplifying from cells,NS0013-0016 indexes are reverse complements of NS0017-0020,,
NS0015,CG2,i7,CAAGCAGAAGACGGCATACGAGATTCGATCCATAGTATTAAGTTcgtagcctaaggtggtcacga,65,10,GTATTAAGTT,AACTTAATAC,AACTTAATAC,GTATTAAGTT,cgtagcctaaggtggtcacga,Hyg_Kozak,Amplifying from cells,NS0013-0016 indexes are reverse complements of NS0017-0020,,
NS0016,CG2,i7,CAAGCAGAAGACGGCATACGAGATTCGATCCATAGCACTACAGGcgtagcctaaggtggtcacga,65,10,GCACTACAGG,CCTGTAGTGC,CCTGTAGTGC,GCACTACAGG,cgtagcctaaggtggtcacga,Hyg_Kozak,Amplifying from cells,NS0013-0016 indexes are reverse complements of NS0017-0020,,
NK077,CG1,i5,AATGATACGGCGACCACCGAGATCTACACCTAGGCGGAAGCCTGGAGCAATTCCACAACAC,61,10,CTAGGCGGAA,TTCCGCCTAG,,,CCTGGAGCAATTCCACAACAC,kozak STIM1 library - forward,,,,
NK078,CG1,i5,AATGATACGGCGACCACCGAGATCTACACAACTGAGGTGGCCTGGAGCAATTCCACAACAC,61,10,AACTGAGGTG,CACCTCAGTT,,,CCTGGAGCAATTCCACAACAC,kozak STIM1 library - forward,,,,
NK079,CG1,i5,AATGATACGGCGACCACCGAGATCTACACATAGGCACAGGCCTGGAGCAATTCCACAACAC,61,10,ATAGGCACAG,CTGTGCCTAT,,,CCTGGAGCAATTCCACAACAC,kozak STIM1 library - forward,,,,
NK080,CG2,i7,CAAGCAGAAGACGGCATACGAGATTTCCGCCTAGctgctgcagtggactcctcag,55,10,TTCCGCCTAG,CTAGGCGGAA,,,ctgctgcagtggactcctcag,kozak STIM1 library - reverse,,,,
NK081,CG2,i7,CAAGCAGAAGACGGCATACGAGATCACCTCAGTTctgctgcagtggactcctcag,55,10,CACCTCAGTT,AACTGAGGTG,,,ctgctgcagtggactcctcag,kozak STIM1 library - reverse,,,,
JJS_seq_R10a,CG2,i7,CAAGCAGAAGACGGCATACGAGATCAATCTATGGGTTAGCAAGTGGCAGCCT,52,8,CAATCTAT,ATAGATTG,ATAGATTG,CAATCTAT,GGGTTAGCAAGTGGCAGCCT,PTEN,Original primer set for PTEN,,,
JJS_seq_R11a,CG2,i7,CAAGCAGAAGACGGCATACGAGATCGAGCGACGGGTTAGCAAGTGGCAGCCT,52,8,CGAGCGAC,GTCGCTCG,GTCGCTCG,CGAGCGAC,GGGTTAGCAAGTGGCAGCCT,PTEN,Original primer set for PTEN,,,
JJS_seq_R12a,CG2,i7,CAAGCAGAAGACGGCATACGAGATTCGATTATGGGTTAGCAAGTGGCAGCCT,52,8,TCGATTAT,ATAATCGA,ATAATCGA,TCGATTAT,GGGTTAGCAAGTGGCAGCCT,PTEN,Original primer set for PTEN,,,
JJS_seq_R1a,CG2,i7,CAAGCAGAAGACGGCATACGAGATGATGTACAGGGTTAGCAAGTGGCAGCCT,52,8,GATGTACA,TGTACATC,TGTACATC,GATGTACA,GGGTTAGCAAGTGGCAGCCT,PTEN,Original primer set for PTEN,,,colored column denote rev_comp seq coresponding to i5 and i7 and should be submitted as i5&i7 index seq during sample submission
JJS_seq_R2a,CG2,i7,CAAGCAGAAGACGGCATACGAGATTGCTTTGGGGGTTAGCAAGTGGCAGCCT,52,8,TGCTTTGG,CCAAAGCA,CCAAAGCA,TGCTTTGG,GGGTTAGCAAGTGGCAGCCT,PTEN,Original primer set for PTEN,,Both,index_seq_rev_comp
JJS_seq_R3a,CG2,i7,CAAGCAGAAGACGGCATACGAGATTACAATACGGGTTAGCAAGTGGCAGCCT,52,8,TACAATAC,GTATTGTA,GTATTGTA,TACAATAC,GGGTTAGCAAGTGGCAGCCT,PTEN,Original primer set for PTEN,,Miseq,
JJS_seq_R4a,CG2,i7,CAAGCAGAAGACGGCATACGAGATATACGTGAGGGTTAGCAAGTGGCAGCCT,52,8,ATACGTGA,TCACGTAT,TCACGTAT,ATACGTGA,GGGTTAGCAAGTGGCAGCCT,PTEN,Original primer set for PTEN,,Nextseq,
JJS_seq_R5a,CG2,i7,CAAGCAGAAGACGGCATACGAGATTCCAGTTGGGGTTAGCAAGTGGCAGCCT,52,8,TCCAGTTG,CAACTGGA,CAACTGGA,TCCAGTTG,GGGTTAGCAAGTGGCAGCCT,PTEN,Original primer set for PTEN,,,
JJS_seq_R6a,CG2,i7,CAAGCAGAAGACGGCATACGAGATTTATCCTGGGGTTAGCAAGTGGCAGCCT,52,8,TTATCCTG,CAGGATAA,CAGGATAA,TTATCCTG,GGGTTAGCAAGTGGCAGCCT,PTEN,Original primer set for PTEN,,,
JJS_seq_R7a,CG2,i7,CAAGCAGAAGACGGCATACGAGATGTACTCATGGGTTAGCAAGTGGCAGCCT,52,8,GTACTCAT,ATGAGTAC,ATGAGTAC,GTACTCAT,GGGTTAGCAAGTGGCAGCCT,PTEN,Original primer set for PTEN,,,
JJS_seq_R8a,CG2,i7,CAAGCAGAAGACGGCATACGAGATCTCTATACGGGTTAGCAAGTGGCAGCCT,52,8,CTCTATAC,GTATAGAG,GTATAGAG,CTCTATAC,GGGTTAGCAAGTGGCAGCCT,PTEN,Original primer set for PTEN,,,
JJS_seq_R9a,CG2,i7,CAAGCAGAAGACGGCATACGAGATATTCTCGAGGGTTAGCAAGTGGCAGCCT,52,8,ATTCTCGA,TCGAGAAT,TCGAGAAT,ATTCTCGA,GGGTTAGCAAGTGGCAGCCT,PTEN,Original primer set for PTEN,,,
KAM3897,CG2,i7,CAAGCAGAAGACGGCATACGAGATCACATCTGGAtgatcagttatctagatccggtgga,59,10,CACATCTGGA,TCCAGATGTG,TCCAGATGTG,CACATCTGGA,tgatcagttatctagatccggtgga,PTEN,Original primer set for PTEN,,,
KAM3898,CG2,i7,CAAGCAGAAGACGGCATACGAGATTCCTCCGCGGtgatcagttatctagatccggtgga,59,10,TCCTCCGCGG,CCGCGGAGGA,CCGCGGAGGA,TCCTCCGCGG,tgatcagttatctagatccggtgga,PTEN,Original primer set for PTEN,,,
KAM3899,CG2,i7,CAAGCAGAAGACGGCATACGAGATGCAAGGATCGtgatcagttatctagatccggtgga,59,10,GCAAGGATCG,CGATCCTTGC,CGATCCTTGC,GCAAGGATCG,tgatcagttatctagatccggtgga,PTEN,Original primer set for PTEN,,,
KAM3900,CG2,i7,CAAGCAGAAGACGGCATACGAGATGCTGATTACTtgatcagttatctagatccggtgga,59,10,GCTGATTACT,AGTAATCAGC,AGTAATCAGC,GCTGATTACT,tgatcagttatctagatccggtgga,PTEN,Original primer set for PTEN,,,
NK052,CG1,i5,AATGATACGGCGACCACCGAGATCTACACTCGCCGCTCGGCCTGGAGCAATTCCACAACAC,61,10,TCGCCGCTCG,,,,,cEF-hand_DMS - forward,,,,
NK053,CG1,i5,AATGATACGGCGACCACCGAGATCTACACCCGGTGCAGTGCCTGGAGCAATTCCACAACAC,61,10,CCGGTGCAGT,,,,,cEF-hand_DMS - forward,,,,
NK054,CG1,i5,AATGATACGGCGACCACCGAGATCTACACACCGGTGTCTGCCTGGAGCAATTCCACAACAC,61,10,ACCGGTGTCT,,,,,cEF-hand_DMS - forward,,,,
NK055,CG1,i5,AATGATACGGCGACCACCGAGATCTACACCCGAACTCCGGCCTGGAGCAATTCCACAACAC,61,10,CCGAACTCCG,,,,,cEF-hand_DMS - forward,,,,
NK056,CG2,i7,CAAGCAGAAGACGGCATACGAGATCGAGCGGCGAttctgatgacttccatgcctt,55,10,CGAGCGGCGA,,,,,cEF-hand_DMS - reverse,,,,
NK057,CG2,i7,CAAGCAGAAGACGGCATACGAGATACTGCACCGGttctgatgacttccatgcctt,55,10,ACTGCACCGG,,,,,cEF-hand_DMS - reverse,,,,
NK058,CG2,i7,CAAGCAGAAGACGGCATACGAGATAGACACCGGTttctgatgacttccatgcctt,55,10,AGACACCGGT,,,,,cEF-hand_DMS - reverse,,,,
NK059,CG2,i7,CAAGCAGAAGACGGCATACGAGATCGGAGTTCGGttctgatgacttccatgcctt,55,10,CGGAGTTCGG,,,,,cEF-hand_DMS - reverse,,,,
NK060,CG1,i5,AATGATACGGCGACCACCGAGATCTACACCAGACGTCAGgcgacaggaaccagctcgggg,60,10,CAGACGTCAG,,,,,cEF-hand _plasmid - forward,,,,
NK061,CG1,i5,AATGATACGGCGACCACCGAGATCTACACCTGGCACTGGgcgacaggaaccagctcgggg,60,10,CTGGCACTGG,,,,,cEF-hand _plasmid - forward,,,,
NK080,CG2,i7,CAAGCAGAAGACGGCATACGAGATTTCCGCCTAGctgctgcagtggactcctcag,55,10,TTCCGCCTAG,,,,,kozak STIM1 DMS - reverse,,,,
NK081,CG2,i7,CAAGCAGAAGACGGCATACGAGATCACCTCAGTTctgctgcagtggactcctcag,55,10,CACCTCAGTT,,,,,kozak STIM1 DMS - reverse,,,,
NK084,CG2,i7,CAAGCAGAAGACGGCATACGAGATCTGTGCCTATCCAGTTTGCCGTTGCTCGCG,54,10,CTGTGCCTAT,,,,,fuGFP DMS reverse,,,,
NK085,CG2,i7,CAAGCAGAAGACGGCATACGAGATTCGGTTACAGCCAGTTTGCCGTTGCTCGCG,54,10,TCGGTTACAG,,,,,fuGFP DMS reverse,,,,