gs_1,gs_2,gs_3,ss_1,ss_2,ss_3,comment
I0152,TATGGATCGA,GCCGTCCACG,I0152,TATGGATCGA,GCCGTCCACG,
I0153,ACACAGTCCG,GCCGTCCACG,I0153,ACACAGTCCG,GCCGTCCACG,
I0154,CGACTAAGCA,GCCGTCCACG,I0154,CGACTAAGCA,GCCGTCCACG,
I0155,CGCGAGAGCT,GCCGTCCACG,I0155,CGCGAGAGCT,GCCGTCCACG,
I0156,TCGTCTGGCA,GCCGTCCACG,I0156,TCGTCTGGCA,GCCGTCCACG,
I0157,AGCTTCATTG,GCCGTCCACG,I0157,AGCTTCATTG,GCCGTCCACG,
I0158,TCTCTGGACT,GCCGTCCACG,I0158,TCTCTGGACT,GCCGTCCACG,
I0159,TAAGCCTGGT,GCCGTCCACG,I0159,TAAGCCTGGT,GCCGTCCACG,
I0160,GCTTGCTACG,GCCGTCCACG,I0160,GCTTGCTACG,GCCGTCCACG,
I0161,TTCGTCTGTA,GCCGTCCACG,I0161,TTCGTCTGTA,GCCGTCCACG,
I0162,TCCAACTAGT,GCCGTCCACG,I0162,TCCAACTAGT,GCCGTCCACG,
I0163,TGTTAGTATG,GCCGTCCACG,I0163,TGTTAGTATG,GCCGTCCACG,
I0164,TATGGATCGA,GGTGTAGCAA,I0164,TATGGATCGA,GGTGTAGCAA,
I0165,ACACAGTCCG,GGTGTAGCAA,I0165,ACACAGTCCG,GGTGTAGCAA,
I0166,CGACTAAGCA,GGTGTAGCAA,I0166,CGACTAAGCA,GGTGTAGCAA,
I0167,CGCGAGAGCT,GGTGTAGCAA,I0167,CGCGAGAGCT,GGTGTAGCAA,
I0168,TCGTCTGGCA,GGTGTAGCAA,I0168,TCGTCTGGCA,GGTGTAGCAA,
I0169,AGCTTCATTG,GGTGTAGCAA,I0169,AGCTTCATTG,GGTGTAGCAA,
I0170,TCTCTGGACT,GGTGTAGCAA,I0170,TCTCTGGACT,GGTGTAGCAA,
I0171,TAAGCCTGGT,GGTGTAGCAA,I0171,TAAGCCTGGT,GGTGTAGCAA,
I0172,GCTTGCTACG,GGTGTAGCAA,I0172,GCTTGCTACG,GGTGTAGCAA,
I0173,TTCGTCTGTA,GGTGTAGCAA,I0173,TTCGTCTGTA,GGTGTAGCAA,
I0174,TCCAACTAGT,GGTGTAGCAA,I0174,TCCAACTAGT,GGTGTAGCAA,
I0175,TGTTAGTATG,GGTGTAGCAA,I0175,TGTTAGTATG,GGTGTAGCAA,
I0176,TATGGATCGA,AGCCGTGAAT,I0176,TATGGATCGA,AGCCGTGAAT,
I0177,ACACAGTCCG,AGCCGTGAAT,I0177,ACACAGTCCG,AGCCGTGAAT,
I0178,CGACTAAGCA,AGCCGTGAAT,I0178,CGACTAAGCA,AGCCGTGAAT,
I0179,CGCGAGAGCT,AGCCGTGAAT,I0179,CGCGAGAGCT,AGCCGTGAAT,
I0180,TCGTCTGGCA,AGCCGTGAAT,I0180,TCGTCTGGCA,AGCCGTGAAT,
I0181,AGCTTCATTG,AGCCGTGAAT,I0181,AGCTTCATTG,AGCCGTGAAT,
I0182,TCTCTGGACT,AGCCGTGAAT,I0182,TCTCTGGACT,AGCCGTGAAT,
I0183,TAAGCCTGGT,AGCCGTGAAT,I0183,TAAGCCTGGT,AGCCGTGAAT,
I0184,TGTTAGTATG,AGCCGTGAAT,I0184,TGTTAGTATG,AGCCGTGAAT,
I0185,TATGGATCGA,TAGGTATATT,I0185,TATGGATCGA,TAGGTATATT,
I0186,CGACTAAGCA,TAGGTATATT,I0186,CGACTAAGCA,TAGGTATATT,
I0187,CGCGAGAGCT,TAGGTATATT,I0187,CGCGAGAGCT,TAGGTATATT,
I0188,AGCTTCATTG,TAGGTATATT,I0188,AGCTTCATTG,TAGGTATATT,
I0189,TCTCTGGACT,TAGGTATATT,I0189,TCTCTGGACT,TAGGTATATT,
I0190,TTCGTCTGTA,AGCCGTGAAT,I0190,TTCGTCTGTA,AGCCGTGAAT,
I0191,TCCAACTAGT,AGCCGTGAAT,I0191,TCCAACTAGT,AGCCGTGAAT,
I0192,GTGAGACTCA,AATTGCGAGG,I0192,GTGAGACTCA,AATTGCGAGG,
I0193,GTGAGACTCA,GCCAGTCCGG,I0193,GTGAGACTCA,GCCAGTCCGG,
I0194,CTCGCAATCT,AATTGCGAGG,I0194,CTCGCAATCT,AATTGCGAGG,
I0195,GAACCAATGT,AAGAGCATCA,I0195,TGTAACCAAG,ACTACGAGAA,
I0196,ATACAGCTAA,AAGAGCATCA,I0196,AATCGACATA,ACTACGAGAA,
I0197,TGACATCCTA,AAGAGCATCA,I0197,ATCCTACAGT,ACTACGAGAA,
I0198,TTCGCCAACA,AAGAGCATCA,I0198,ACAACCGCTT,ACTACGAGAA,
I0199,AACTCTGGAT,AAGAGCATCA,I0199,TAGGTCTCAA,ACTACGAGAA,
I0200,AAGTGTCGAC,AAGAGCATCA,I0200,CAGCTGTGAA,ACTACGAGAA,
I0201,TCACGAAGGT,AAGAGCATCA,I0201,TGGAAGCACT,ACTACGAGAA,
I0202,GAACCAATGT,TGTACCTGGA,I0202,TGTAACCAAG,AGGTCCATGT,
I0203,ATACAGCTAA,TGTACCTGGA,I0203,AATCGACATA,AGGTCCATGT,
I0204,TGACATCCTA,TGTACCTGGA,I0204,ATCCTACAGT,AGGTCCATGT,
I0205,TTCGCCAACA,TGTACCTGGA,I0205,ACAACCGCTT,AGGTCCATGT,
I0206,AACTCTGGAT,TGTACCTGGA,I0206,TAGGTCTCAA,AGGTCCATGT,
I0207,CTCGCAATCT,GCCAGTCCGG,I0207,CTCGCAATCT,GCCAGTCCGG,
I0208,GAACCAATGT,AATTGCGAGG,I0208,TGTAACCAAG,AATTGCGAGG,
I0209,ATACAGCTAA,AATTGCGAGG,I0209,AATCGACATA,AATTGCGAGG,
I0210,TGACATCCTA,AATTGCGAGG,I0210,ATCCTACAGT,AATTGCGAGG,
I0211,TTCGCCAACA,AATTGCGAGG,I0211,ACAACCGCTT,AATTGCGAGG,
I0212,AACTCTGGAT,AATTGCGAGG,I0212,TAGGTCTCAA,AATTGCGAGG,
I0213,AAGTGTCGAC,AATTGCGAGG,I0213,CAGCTGTGAA,AATTGCGAGG,
I0214,TCACGAAGGT,AATTGCGAGG,I0214,TGGAAGCACT,AATTGCGAGG,
I0215,AAGTGTCGAC,TGTACCTGGA,I0215,CAGCTGTGAA,AGGTCCATGT,
I0216,GAACCAATGT,GCCAGTCCGG,I0216,TGTAACCAAG,GCCAGTCCGG,
I0217,ATACAGCTAA,GCCAGTCCGG,I0217,AATCGACATA,GCCAGTCCGG,
I0218,TGACATCCTA,GCCAGTCCGG,I0218,ATCCTACAGT,GCCAGTCCGG,
I0219,TTCGCCAACA,GCCAGTCCGG,I0219,ACAACCGCTT,GCCAGTCCGG,
I0220,AACTCTGGAT,GCCAGTCCGG,I0220,TAGGTCTCAA,GCCAGTCCGG,
I0221,AAGTGTCGAC,GCCAGTCCGG,I0221,CAGCTGTGAA,GCCAGTCCGG,
I0222,TCACGAAGGT,GCCAGTCCGG,I0222,TGGAAGCACT,GCCAGTCCGG,