Sample.Name,manual_i7,manual_i5
I0274,CTCGCAATCT,AATTGCGAGG
I0275,GTGAGACTCA,AATTGCGAGG
I0276,TGTAACCAAG,AATTGCGAGG
I0277,AATCGACATA,AATTGCGAGG
I0278,ATCCTACAGT,AATTGCGAGG
I0279,ACAACCGCTT,AATTGCGAGG
I0280,TAGGTCTCAA,AATTGCGAGG
I0281,CAGCTGTGAA,AATTGCGAGG
I0282,AATCCGCCAG,AATTGCGAGG
I0283,CACTACTTAA,AATTGCGAGG
I0284,TGTAACCAAG,GCCAGTCCGG
I0285,AATCGACATA,GCCAGTCCGG
I0286,ACAACCGCTT,GCCAGTCCGG
I0287,TAGGTCTCAA,GCCAGTCCGG
I0288,CAGCTGTGAA,GCCAGTCCGG
I0289,TGGAAGCACT,GCCAGTCCGG
I0290,AGAGGTTGCG,GCCAGTCCGG
I0291,AATCCGCCAG,GCCAGTCCGG
I0292,CACTACTTAA,GCCAGTCCGG
I0293,CTCGCAATCT,ACTACGAGAA
I0294,GTGAGACTCA,ACTACGAGAA
I0295,TGTAACCAAG,ACTACGAGAA
I0296,AATCGACATA,ACTACGAGAA
I0297,ATCCTACAGT,ACTACGAGAA
I0298,ACAACCGCTT,ACTACGAGAA
I0299,TAGGTCTCAA,ACTACGAGAA
I0300,CAGCTGTGAA,ACTACGAGAA
I0301,TGGAAGCACT,ACTACGAGAA
I0302,AGAGGTTGCG,ACTACGAGAA
I0303,AATCCGCCAG,ACTACGAGAA
I0304,CACTACTTAA,ACTACGAGAA
I0305,GTGAGACTCA,AGGTCCATGT
I0306,AATCGACATA,AGGTCCATGT
I0307,ACAACCGCTT,AGGTCCATGT
I0308,TAGGTCTCAA,AGGTCCATGT
I0309,CAGCTGTGAA,AGGTCCATGT
I0310,TGGAAGCACT,AGGTCCATGT
I0311,AGAGGTTGCG,AGGTCCATGT